{"1037802414":{"group_type":"SuperGroup","moderators":[],"long_id":"$05000000ae9bdb3dda276cbf59b41a0d","settings":{"strict":"no","member":"no","flood":"yes","lock_link":"yes","lock_contacts":"no","set_name":"♪﴿♬͎₎بٰٰٖـٰٰٰٖہيٰٰٖـٰٰٖتٰٰٖـٰٰٰٖہزا🍕","public":"no","lock_spam":"yes","lock_sticker":"no","lock_arabic":"no","lock_rtl":"no"},"set_owner":209356123},"1070292133":{"group_type":"SuperGroup","moderators":[],"long_id":"$05000000a55ccb3fbbf7ee4a63f38886","settings":{"strict":"no","lock_arabic":"no","flood":"yes","lock_link":"no","lock_contacts":"no","lock_rtl":"no","public":"no","lock_spam":"yes","lock_sticker":"no","member":"no","set_name":"تتتتتتتت"},"set_owner":278510148},"1094368647":{"group_type":"SuperGroup","moderators":[],"long_id":"$0500000087bd3a41f4023e13b9b47426","settings":{"strict":"no","member":"no","flood":"yes","lock_link":"yes","lock_contacts":"no","lock_rtl":"no","public":"no","lock_spam":"yes","lock_sticker":"no","lock_arabic":"no","set_name":"نن"},"set_owner":282892118},"1084061297":{"group_type":"SuperGroup","moderators":[],"long_id":"$0500000071769d407841b95bcdf1fdc1","settings":{"strict":"no","member":"no","flood":"yes","lock_link":"yes","lock_contacts":"no","set_name":"تجريبي","public":"no","lock_spam":"yes","lock_sticker":"no","lock_arabic":"no","lock_rtl":"no"},"set_owner":256950413},"groups":{"1037802414":1037802414,"1070292133":1070292133,"1084061297":1084061297,"1079346319":1079346319,"1093487398":1093487398,"1065933383":1065933383,"1094368647":1094368647,"1087458105":1087458105,"1060184584":1060184584,"1069399733":1069399733,"1086102123":1086102123,"1068998037":1068998037},"1093487398":{"group_type":"SuperGroup","moderators":[],"long_id":"$05000000264b2d41184f384e777cb56b","settings":{"strict":"no","member":"no","flood":"yes","lock_link":"no","lock_contacts":"no","set_name":"F","public":"no","lock_spam":"yes","lock_sticker":"no","lock_arabic":"no","lock_rtl":"no"},"set_owner":211293399},"1065933383":{"group_type":"SuperGroup","moderators":[],"long_id":"$0500000047da883fc62f1c76b205881c","settings":{"strict":"no","member":"no","flood":"yes","lock_link":"no","lock_contacts":"no","set_name":"🔱Єχσσ┇'ֆٱكـڰـسـﯠﯠあぃ🔱💲","public":"no","lock_spam":"yes","lock_sticker":"no","lock_arabic":"no","lock_rtl":"no"},"set_owner":159619050},"1087458105":{"group_type":"SuperGroup","moderators":[],"long_id":"$05000000394bd140c6f852fa54c24e0a","set_owner":278510148,"settings":{"strict":"no","lock_arabic":"no","flood":"yes","lock_link":"no","lock_contacts":"no","lock_rtl":"no","public":"no","lock_spam":"yes","lock_sticker":"no","member":"no","set_name":"…"}},"1079346319":{"group_type":"SuperGroup","moderators":{"242276763":"(at)li_on4","92070914":"(at)Kadhmameen"},"long_id":"$050000008f84554034493349b4f9fae2","settings":{"strict":"no","member":"no","flood":"yes","lock_link":"no","lock_contacts":"no","set_name":"الحشد الشعبي الالكتروني H.S.A","public":"no","lock_spam":"yes","lock_sticker":"no","lock_arabic":"no","lock_rtl":"no"},"set_owner":"132317092"},"1060184584":{"group_type":"SuperGroup","moderators":[],"long_id":"$050000000822313f10b8e9c8e0e884ef","settings":{"strict":"no","member":"no","flood":"yes","lock_link":"yes","lock_contacts":"no","lock_rtl":"no","public":"no","lock_spam":"yes","lock_sticker":"no","lock_arabic":"no","set_name":"خربــْْْـ﴿😌🍫﴾ــْْْشـات"},"set_owner":209470501},"1069399733":{"group_type":"SuperGroup","moderators":[],"long_id":"$05000000b5bebd3f1c465c9028def339","settings":{"strict":"no","member":"no","flood":"yes","lock_link":"yes","lock_contacts":"no","set_name":"آﻟﮩٰٰہْٓرئـٰٰہْٓـۧۧآسہَؔسٰٰہْٓـۖۧهٰٰہْٓہﮩٰۙۧٛۗ ﮩٰۙۧٛۗ ۦ:","public":"no","lock_spam":"yes","lock_sticker":"no","lock_arabic":"no","lock_rtl":"no"},"set_owner":"278510148"},"1086102123":{"group_type":"SuperGroup","moderators":[],"long_id":"$050000006b9abc4023b09a5e48701b2a","settings":{"strict":"no","member":"no","flood":"yes","lock_link":"no","lock_contacts":"no","set_name":"🍷🇧 ۪۫ 🇷 ۪۫ 🇧 ۪۫ 🇸🍷","public":"no","lock_spam":"yes","lock_sticker":"no","lock_arabic":"no","lock_rtl":"no"},"set_owner":47324228},"1068998037":{"group_type":"SuperGroup","moderators":{"260159977":"🇦 🇱 🇿 🇦 🇪 🇪🇲 ","145580653":"(at)INFINITY_3"},"long_id":"$05000000959db73f4fc632a7ff637139","set_owner":145580653,"settings":{"strict":"no","lock_arabic":"no","flood":"yes","lock_link":"yes","lock_contacts":"no","lock_rtl":"no","public":"no","lock_spam":"yes","lock_sticker":"yes","member":"no","set_name":"┇🎈سـﮧـۣۛوالفـۣۛـۣۣۙ✾ـنا🍷|ا🌸"}}}